// Generated: For iOS system font on 2023-10-25 19:25:58 +0000, 282 fonts
// Extracted from https://developer.apple.com/fonts/system-fonts/
case academyEngravedLETPlain10 = "Academy Engraved LET Plain:1.0"
case alNile = "Al Nile"
case alNileBold = "Al Nile Bold"
case americanTypewriter = "American Typewriter"
case americanTypewriterBold = "American Typewriter Bold"
case americanTypewriterCondensed = "American Typewriter Condensed"
case americanTypewriterCondensedBold = "American Typewriter Condensed Bold"
case americanTypewriterCondensedLight = "American Typewriter Condensed Light"
case americanTypewriterLight = "American Typewriter Light"
case americanTypewriterSemibold = "American Typewriter Semibold"
case appleColorEmoji = "Apple Color Emoji"
case appleSDGothicNeoBold = "Apple SD Gothic Neo Bold"
case appleSDGothicNeoLight = "Apple SD Gothic Neo Light"
case appleSDGothicNeoMedium = "Apple SD Gothic Neo Medium"
case appleSDGothicNeoRegular = "Apple SD Gothic Neo Regular"
case appleSDGothicNeoSemiBold = "Apple SD Gothic Neo SemiBold"
case appleSDGothicNeoThin = "Apple SD Gothic Neo Thin"
case appleSDGothicNeoUltraLight = "Apple SD Gothic Neo UltraLight"
case appleSymbols = "Apple Symbols"
case arial = "Arial"
case arialBold = "Arial Bold"
case arialBoldItalic = "Arial Bold Italic"
case arialHebrew = "Arial Hebrew"
case arialHebrewBold = "Arial Hebrew Bold"
case arialHebrewLight = "Arial Hebrew Light"
case arialItalic = "Arial Italic"
case arialRoundedMTBold = "Arial Rounded MT Bold"
case avenirBlack = "Avenir Black"
case avenirBlackOblique = "Avenir Black Oblique"
case avenirBook = "Avenir Book"
case avenirBookOblique = "Avenir Book Oblique"
case avenirHeavy = "Avenir Heavy"
case avenirHeavyOblique = "Avenir Heavy Oblique"
case avenirLight = "Avenir Light"
case avenirLightOblique = "Avenir Light Oblique"
case avenirMedium = "Avenir Medium"
case avenirMediumOblique = "Avenir Medium Oblique"
case avenirNextBold = "Avenir Next Bold"
case avenirNextBoldItalic = "Avenir Next Bold Italic"
case avenirNextCondensedBold = "Avenir Next Condensed Bold"
case avenirNextCondensedBoldItalic = "Avenir Next Condensed Bold Italic"
case avenirNextCondensedDemiBold = "Avenir Next Condensed Demi Bold"
case avenirNextCondensedDemiBoldItalic = "Avenir Next Condensed Demi Bold Italic"
case avenirNextCondensedHeavy = "Avenir Next Condensed Heavy"
case avenirNextCondensedHeavyItalic = "Avenir Next Condensed Heavy Italic"
case avenirNextCondensedItalic = "Avenir Next Condensed Italic"
case avenirNextCondensedMedium = "Avenir Next Condensed Medium"
case avenirNextCondensedMediumItalic = "Avenir Next Condensed Medium Italic"
case avenirNextCondensedRegular = "Avenir Next Condensed Regular"
case avenirNextCondensedUltraLight = "Avenir Next Condensed Ultra Light"
case avenirNextCondensedUltraLightItalic = "Avenir Next Condensed Ultra Light Italic"
case avenirNextDemiBold = "Avenir Next Demi Bold"
case avenirNextDemiBoldItalic = "Avenir Next Demi Bold Italic"
case avenirNextHeavy = "Avenir Next Heavy"
case avenirNextHeavyItalic = "Avenir Next Heavy Italic"
case avenirNextItalic = "Avenir Next Italic"
case avenirNextMedium = "Avenir Next Medium"
case avenirNextMediumItalic = "Avenir Next Medium Italic"
case avenirNextRegular = "Avenir Next Regular"
case avenirNextUltraLight = "Avenir Next Ultra Light"
case avenirNextUltraLightItalic = "Avenir Next Ultra Light Italic"
case avenirOblique = "Avenir Oblique"
case avenirRoman = "Avenir Roman"
case baskerville = "Baskerville"
case baskervilleBold = "Baskerville Bold"
case baskervilleBoldItalic = "Baskerville Bold Italic"
case baskervilleItalic = "Baskerville Italic"
case baskervilleSemiBold = "Baskerville SemiBold"
case baskervilleSemiBoldItalic = "Baskerville SemiBold Italic"
case bodoni72Bold = "Bodoni 72 Bold"
case bodoni72Book = "Bodoni 72 Book"
case bodoni72BookItalic = "Bodoni 72 Book Italic"
case bodoni72OldstyleBold = "Bodoni 72 Oldstyle Bold"
case bodoni72OldstyleBook = "Bodoni 72 Oldstyle Book"
case bodoni72OldstyleBookItalic = "Bodoni 72 Oldstyle Book Italic"
case bodoni72SmallcapsBook = "Bodoni 72 Smallcaps Book"
case bodoniOrnaments = "Bodoni Ornaments"
case bradleyHandBold = "Bradley Hand Bold"
case chalkboardSEBold = "Chalkboard SE Bold"
case chalkboardSELight = "Chalkboard SE Light"
case chalkboardSERegular = "Chalkboard SE Regular"
case chalkduster = "Chalkduster"
case charterBlack = "Charter Black"
case charterBlackItalic = "Charter Black Italic"
case charterBold = "Charter Bold"
case charterBoldItalic = "Charter Bold Italic"
case charterItalic = "Charter Italic"
case charterRoman = "Charter Roman"
case cochin = "Cochin"
case cochinBold = "Cochin Bold"
case cochinBoldItalic = "Cochin Bold Italic"
case cochinItalic = "Cochin Italic"
case copperplate = "Copperplate"
case copperplateBold = "Copperplate Bold"
case copperplateLight = "Copperplate Light"
case courierNew = "Courier New"
case courierNewBold = "Courier New Bold"
case courierNewBoldItalic = "Courier New Bold Italic"
case courierNewItalic = "Courier New Italic"
case dINAlternateBold = "DIN Alternate Bold"
case dINCondensedBold = "DIN Condensed Bold"
case damascusBold = "Damascus Bold"
case damascusLight = "Damascus Light"
case damascusMedium = "Damascus Medium"
case damascusRegular = "Damascus Regular"
case damascusSemiBold = "Damascus Semi Bold"
case devanagariSangamMN = "Devanagari Sangam MN"
case devanagariSangamMNBold = "Devanagari Sangam MN Bold"
case didot = "Didot"
case didotBold = "Didot Bold"
case didotItalic = "Didot Italic"
case euphemiaUCAS = "Euphemia UCAS"
case euphemiaUCASBold = "Euphemia UCAS Bold"
case euphemiaUCASItalic = "Euphemia UCAS Italic"
case farahRegular = "Farah Regular"
case futuraBold = "Futura Bold"
case futuraCondensedExtraBold = "Futura Condensed ExtraBold"
case futuraCondensedMedium = "Futura Condensed Medium"
case futuraMedium = "Futura Medium"
case futuraMediumItalic = "Futura Medium Italic"
case galvji = "Galvji"
case galvjiBold = "Galvji Bold"
case geezaProBold = "Geeza Pro Bold"
case geezaProRegular = "Geeza Pro Regular"
case georgia = "Georgia"
case georgiaBold = "Georgia Bold"
case georgiaBoldItalic = "Georgia Bold Italic"
case georgiaItalic = "Georgia Italic"
case gillSans = "Gill Sans"
case gillSansBold = "Gill Sans Bold"
case gillSansBoldItalic = "Gill Sans Bold Italic"
case gillSansItalic = "Gill Sans Italic"
case gillSansLight = "Gill Sans Light"
case gillSansLightItalic = "Gill Sans Light Italic"
case gillSansSemiBold = "Gill Sans SemiBold"
case gillSansSemiBoldItalic = "Gill Sans SemiBold Italic"
case gillSansUltraBold = "Gill Sans UltraBold"
case granthaSangamMNBold = "Grantha Sangam MN Bold"
case granthaSangamMNRegular = "Grantha Sangam MN Regular"
case helvetica = "Helvetica"
case helveticaBold = "Helvetica Bold"
case helveticaBoldOblique = "Helvetica Bold Oblique"
case helveticaLight = "Helvetica Light"
case helveticaLightOblique = "Helvetica Light Oblique"
case helveticaNeue = "Helvetica Neue"
case helveticaNeueBold = "Helvetica Neue Bold"
case helveticaNeueBoldItalic = "Helvetica Neue Bold Italic"
case helveticaNeueCondensedBlack = "Helvetica Neue Condensed Black"
case helveticaNeueCondensedBold = "Helvetica Neue Condensed Bold"
case helveticaNeueItalic = "Helvetica Neue Italic"
case helveticaNeueLight = "Helvetica Neue Light"
case helveticaNeueLightItalic = "Helvetica Neue Light Italic"
case helveticaNeueMedium = "Helvetica Neue Medium"
case helveticaNeueMediumItalic = "Helvetica Neue Medium Italic"
case helveticaNeueThin = "Helvetica Neue Thin"
case helveticaNeueThinItalic = "Helvetica Neue Thin Italic"
case helveticaNeueUltraLight = "Helvetica Neue UltraLight"
case helveticaNeueUltraLightItalic = "Helvetica Neue UltraLight Italic"
case helveticaOblique = "Helvetica Oblique"
case hiraginoMaruGothicProNW4 = "Hiragino Maru Gothic ProN W4"
case hiraginoMinchoProNW3 = "Hiragino Mincho ProN W3"
case hiraginoMinchoProNW6 = "Hiragino Mincho ProN W6"
case hiraginoSansW3 = "Hiragino Sans W3"
case hiraginoSansW6 = "Hiragino Sans W6"
case hiraginoSansW7 = "Hiragino Sans W7"
case hoeflerText = "Hoefler Text"
case hoeflerTextBlack = "Hoefler Text Black"
case hoeflerTextBlackItalic = "Hoefler Text Black Italic"
case hoeflerTextItalic = "Hoefler Text Italic"
case impact = "Impact"
case kailasaBold = "Kailasa Bold"
case kailasaRegular = "Kailasa Regular"
case kefaRegular = "Kefa Regular"
case khmerSangamMN = "Khmer Sangam MN"
case kohinoorBangla = "Kohinoor Bangla"
case kohinoorBanglaLight = "Kohinoor Bangla Light"
case kohinoorBanglaSemibold = "Kohinoor Bangla Semibold"
case kohinoorDevanagariLight = "Kohinoor Devanagari Light"
case kohinoorDevanagariRegular = "Kohinoor Devanagari Regular"
case kohinoorDevanagariSemibold = "Kohinoor Devanagari Semibold"
case kohinoorGujaratiBold = "Kohinoor Gujarati Bold"
case kohinoorGujaratiLight = "Kohinoor Gujarati Light"
case kohinoorGujaratiRegular = "Kohinoor Gujarati Regular"
case kohinoorTelugu = "Kohinoor Telugu"
case kohinoorTeluguLight = "Kohinoor Telugu Light"
case kohinoorTeluguMedium = "Kohinoor Telugu Medium"
case laoSangamMN = "Lao Sangam MN"
case malayalamSangamMN = "Malayalam Sangam MN"
case malayalamSangamMNBold = "Malayalam Sangam MN Bold"
case markerFeltThin = "Marker Felt Thin"
case markerFeltWide = "Marker Felt Wide"
case menloBold = "Menlo Bold"
case menloBoldItalic = "Menlo Bold Italic"
case menloItalic = "Menlo Italic"
case menloRegular = "Menlo Regular"
case mishafiRegular = "Mishafi Regular"
case muktaMaheeBold = "MuktaMahee Bold"
case muktaMaheeLight = "MuktaMahee Light"
case muktaMaheeRegular = "MuktaMahee Regular"
case myanmarSangamMN = "Myanmar Sangam MN"
case myanmarSangamMNBold = "Myanmar Sangam MN Bold"
case noteworthyBold = "Noteworthy Bold"
case noteworthyLight = "Noteworthy Light"
case notoNastaliqUrdu = "Noto Nastaliq Urdu"
case notoNastaliqUrduBold = "Noto Nastaliq Urdu Bold"
case notoSansKannadaBold = "Noto Sans Kannada Bold"
case notoSansKannadaLight = "Noto Sans Kannada Light"
case notoSansKannadaRegular = "Noto Sans Kannada Regular"
case notoSansMyanmarBold = "Noto Sans Myanmar Bold"
case notoSansMyanmarLight = "Noto Sans Myanmar Light"
case notoSansMyanmarRegular = "Noto Sans Myanmar Regular"
case notoSansOriya = "Noto Sans Oriya"
case notoSansOriyaBold = "Noto Sans Oriya Bold"
case optimaBold = "Optima Bold"
case optimaBoldItalic = "Optima Bold Italic"
case optimaExtraBlack = "Optima ExtraBlack"
case optimaItalic = "Optima Italic"
case optimaRegular = "Optima Regular"
case palatino = "Palatino"
case palatinoBold = "Palatino Bold"
case palatinoBoldItalic = "Palatino Bold Italic"
case palatinoItalic = "Palatino Italic"
case papyrus = "Papyrus"
case papyrusCondensed = "Papyrus Condensed"
case partyLETPlain = "Party LET Plain"
case pingFangHKLight = "PingFang HK Light"
case pingFangHKMedium = "PingFang HK Medium"
case pingFangHKRegular = "PingFang HK Regular"
case pingFangHKSemibold = "PingFang HK Semibold"
case pingFangHKThin = "PingFang HK Thin"
case pingFangHKUltralight = "PingFang HK Ultralight"
case pingFangSCLight = "PingFang SC Light"
case pingFangSCMedium = "PingFang SC Medium"
case pingFangSCRegular = "PingFang SC Regular"
case pingFangSCSemibold = "PingFang SC Semibold"
case pingFangSCThin = "PingFang SC Thin"
case pingFangSCUltralight = "PingFang SC Ultralight"
case pingFangTCLight = "PingFang TC Light"
case pingFangTCMedium = "PingFang TC Medium"
case pingFangTCRegular = "PingFang TC Regular"
case pingFangTCSemibold = "PingFang TC Semibold"
case pingFangTCThin = "PingFang TC Thin"
case pingFangTCUltralight = "PingFang TC Ultralight"
case rockwell = "Rockwell"
case rockwellBold = "Rockwell Bold"
case rockwellBoldItalic = "Rockwell Bold Italic"
case rockwellItalic = "Rockwell Italic"
case sTIXTwoMathRegular = "STIX Two Math Regular"
case sTIXTwoTextBold = "STIX Two Text Bold"
case sTIXTwoTextItalicBoldItalic = "STIX Two Text Italic Bold Italic"
case sTIXTwoTextItalicItalic = "STIX Two Text Italic Italic"
case sTIXTwoTextItalicMediumItalic = "STIX Two Text Italic Medium Italic"
case sTIXTwoTextItalicSemiBoldItalic = "STIX Two Text Italic SemiBold Italic"
case sTIXTwoTextMedium = "STIX Two Text Medium"
case sTIXTwoTextRegular = "STIX Two Text Regular"
case sTIXTwoTextSemiBold = "STIX Two Text SemiBold"
case savoyeLETPlain10 = "Savoye LET Plain:1.0"
case sinhalaSangamMN = "Sinhala Sangam MN"
case sinhalaSangamMNBold = "Sinhala Sangam MN Bold"
case snellRoundhand = "Snell Roundhand"
case snellRoundhandBlack = "Snell Roundhand Black"
case snellRoundhandBold = "Snell Roundhand Bold"
case symbol = "Symbol"
case tamilSangamMN = "Tamil Sangam MN"
case tamilSangamMNBold = "Tamil Sangam MN Bold"
case thonburi = "Thonburi"
case thonburiBold = "Thonburi Bold"
case thonburiLight = "Thonburi Light"
case timesNewRoman = "Times New Roman"
case timesNewRomanBold = "Times New Roman Bold"
case timesNewRomanBoldItalic = "Times New Roman Bold Italic"
case timesNewRomanItalic = "Times New Roman Italic"
case trebuchetMS = "Trebuchet MS"
case trebuchetMSBold = "Trebuchet MS Bold"
case trebuchetMSBoldItalic = "Trebuchet MS Bold Italic"
case trebuchetMSItalic = "Trebuchet MS Italic"
case verdana = "Verdana"
case verdanaBold = "Verdana Bold"
case verdanaBoldItalic = "Verdana Bold Italic"
case verdanaItalic = "Verdana Italic"
case zapfDingbats = "Zapf Dingbats"
case zapfino = "Zapfino"
// Generated: For iOS system font on 2023-10-25 19:25:58 +0000, 282 fonts
// Extracted from https://developer.apple.com/fonts/system-fonts/
